x1,x2,category
-1.6148101032346704,1.8599541059921167,C1
-1.6061791659409923,1.9310970810958294,C1
-1.8410127269393737,1.6334468653974827,C1
-1.740972908472404,1.6976820600461795,C1
-1.646483000262463,1.717867500478969,C1
-1.6028832148935301,1.7986977844416705,C1
-1.660210513841167,1.8320411238552659,C1
-1.9502682502966504,1.9337566249160947,C1
-1.8975451828654526,1.8092962200410847,C1
-1.6813819599529571,1.7824855345447945,C1
-1.78892491789509,1.7133710007359317,C1
-1.6689624706499662,1.7016398374349362,C1
-1.896566688680343,1.9316303203504928,C1
-1.8621722255051916,1.9293677121881334,C1
-1.6746753021957463,1.6936522242232663,C1
-1.9784366247481024,1.910504656459138,C1
-1.88458347916891,1.7980088283130289,C1
-1.7573365332916715,1.9477931034230047,C1
-1.6195961083100203,1.6773319383733907,C1
-1.68582018283587,1.987437687689638,C1
-1.925170979590084,1.8915192689775902,C1
-1.728608570791173,1.7634224761106179,C1
-1.9184278591979484,1.9112028785484771,C1
-1.9097786472103975,1.9535321383181268,C1
-1.9168367956952053,1.638367060646407,C1
-1.7911172608886272,1.8410344433126244,C1
-1.7792961718725318,1.908268477820724,C1
-1.9799485817542093,1.6294973293490367,C1
-1.8436704173467249,1.8265770247967454,C1
-1.773747145801129,1.8242292583746509,C1
-1.7132163895781385,1.6179214765473693,C1
-1.7109576201718728,1.97234729495722,C1
-1.9001872051705524,1.8967896701866196,C1
-1.7470524152714801,1.7444928780927258,C1
-1.7782612808444915,1.9189985134402152,C1
-1.8119669222664194,1.644730999731373,C1
-1.6263041396365412,1.6317147391537277,C1
-1.629662163849474,1.751183947747236,C1
-1.9643293526110077,1.612273166022313,C1
-1.6926735997458067,1.618466658459668,C1
-1.8883850488900602,1.670804380437203,C1
-1.984114371184039,1.6140060771768783,C1
-1.7044511919959289,1.7889499933010826,C1
-1.826710637520041,1.9138426684460284,C1
-1.8422925473698666,1.776708642167423,C1
-1.9130560619964616,1.7495280110132945,C1
-1.7985715060945362,1.7517220455702902,C1
-1.7333816919083118,1.8762476002704855,C1
-1.7143843806736014,1.8800756642546212,C1
-1.8667472022426823,1.6233141486755907,C1
-1.9357440925867198,1.9649543673480658,C1
-1.7386684258272038,1.891691837448327,C1
-1.7363915606979687,1.8292590760669192,C1
-1.8728058268779029,1.879227883134975,C1
-1.700677532727717,1.610555919620364,C1
-1.7764477772805058,1.7427833079212405,C1
-1.8701158822067927,1.8714951365808303,C1
-1.9991318216210516,1.847470342198706,C1
-1.6505689020871672,1.6261025576656427,C1
-1.9908566871112285,1.706719787566571,C1
-1.6578842614784204,1.9921121139541553,C1
-1.760946952480007,1.782916902975919,C1
-1.748163073053345,1.8017734459266797,C1
-1.8007417926049412,1.7968603468078799,C1
-1.834697360035685,1.9383343552775874,C1
-1.882888610138606,1.6853141497012565,C1
-1.9369751220246734,1.8126634061343891,C1
-1.987131592043416,1.8494383638885132,C1
-1.6380101337854545,1.8542436239212177,C1
-1.7270947705791457,1.8528996425986404,C1
-1.9446133169577116,1.7630338632716176,C1
-1.8646685182523501,1.6569786669506728,C1
-1.6510816424209915,1.9534601403310958,C1
-1.9982176002983798,1.6210069861669447,C1
-1.700140159450703,1.9190646263015754,C1
-1.8979385603526004,1.6499812553037794,C1
-1.9158317445129946,1.7561058589885548,C1
-1.8363033714034918,1.6372188536524335,C1
-1.6514090673004713,1.8066692367942299,C1
-1.6236357793715044,1.9284341232816142,C1
-1.7511420757274168,1.9166124561304732,C1
-1.7084760344797798,1.9246302862164821,C1
-1.768314115087335,1.7509362743671562,C1
-1.8394992943388473,1.9447177234987552,C1
-1.6125389385761677,1.7689365460420217,C1
-1.8103619863665446,1.684784855018112,C1
-1.9178903322990946,1.6337591106753608,C1
-1.9209602484368176,1.6394634826371999,C1
-1.6291954385539187,1.8157446690654098,C1
-1.9881935744480144,1.691846198434946,C1
-1.7972021523824655,1.746216688621209,C1
-1.8264362632831714,1.7319289274353247,C1
-1.7541905457310634,1.6881304469466596,C1
-1.8925288418132407,1.829567400452595,C1
-1.7099573900434895,1.912267732092229,C1
-1.8522107270041754,1.7664519561995882,C1
-1.9639624136758205,1.8024264695255432,C1
-1.974524902899956,1.6226207015844583,C1
-1.7727843074027414,1.9603209658781635,C1
-1.8978347430613984,1.8165466436378923,C1
-1.061193001798172,1.8382461393528216,C2
-1.091184042017258,1.9513787526151583,C2
-1.1994756069214083,1.8836880547533366,C2
-1.0917491609174172,1.8597284077634828,C2
-0.8156062381472853,1.7598506097699256,C2
-0.9018214408195726,1.6083162481748312,C2
-0.9686372251973246,1.8925777546541906,C2
-0.9315838389866704,1.7953964940584066,C2
-0.9629421809253663,1.8662840640553686,C2
-0.9168893683921078,1.8858171388826372,C2
-0.8094368527963584,1.9454568685903453,C2
-1.0410973052982968,1.9926174405966313,C2
-1.1931594254724187,1.748139378158282,C2
-1.0276181938754878,1.9195481259017186,C2
-1.0820613834448805,1.893281910220185,C2
-1.073760975530883,1.9334716264619773,C2
-0.8052193696122466,1.6411142101422407,C2
-0.9835848635860164,1.9891157295315454,C2
-0.8095378762396829,1.7554571935400989,C2
-0.8320679773048869,1.9946691556939387,C2
-0.9723720192412186,1.8391582835198859,C2
-1.155014117866677,1.9852236806031662,C2
-1.1033587950593688,1.6285999289580646,C2
-1.0087284544182895,1.7620826897674113,C2
-0.9121050194899802,1.7804967854474456,C2
-1.0806022312287706,1.8594718485488775,C2
-0.8492390618128882,1.9439624169026333,C2
-1.1563560621720264,1.6162031803332682,C2
-1.0466931665901273,1.9830921271346251,C2
-1.0618006542233125,1.658359369616704,C2
-0.8889424669946939,1.7000740966875478,C2
-0.8965832073129612,1.64008093099689,C2
-0.9402860236365354,1.7061067504293588,C2
-1.1644971962516293,1.6430542587204808,C2
-0.8341148901189225,1.9971656972424086,C2
-1.0795424594622993,1.6013144541646578,C2
-0.8984711665784879,1.7139293799247335,C2
-1.089032083050794,1.8964921952180145,C2
-0.9480619003241654,1.8999381908052149,C2
-1.1046516964979023,1.8596497812133983,C2
-0.8162504779942761,1.6193272644766645,C2
-1.069486525083109,1.71936691809996,C2
-1.0314081330968201,1.755238989902284,C2
-0.9136404673828091,1.9517525519418748,C2
-0.960367023923109,1.7822868700645083,C2
-1.0631812706361883,1.6165746675621497,C2
-0.9475760700290023,1.991207781747458,C2
-0.8667550306002989,1.7047154670535059,C2
-0.871920047538064,1.8411056125866763,C2
-0.9913225384640392,1.9756752723567845,C2
-0.9240215847764525,1.9244546817849146,C2
-1.0130796619563958,1.829863629304966,C2
-0.8752055165862527,1.652296988215309,C2
-1.0917329855698605,1.8389323407568514,C2
-0.8651638851126486,1.6018330617644674,C2
-1.1659116094438777,1.8484201633547566,C2
-0.9787197792415578,1.7158717167241613,C2
-0.944605113901654,1.6704950144582567,C2
-1.012947229145723,1.8033696297655466,C2
-1.0941273097903153,1.7005947859777775,C2
-1.0542637921182068,1.862557395484674,C2
-0.8322146076485937,1.720283865443567,C2
-0.9909720664560201,1.8329142099459474,C2
-0.8404772712062931,1.889657630253255,C2
-0.8800854363475175,1.8795190560269677,C2
-0.9935311926638802,1.6861433563888244,C2
-0.9681329315569396,1.6230717785699074,C2
-1.0777472220551807,1.912560986451361,C2
-0.9339974301695655,1.8511432549711806,C2
-1.0346643994334332,1.8758234535780265,C2
-0.9777007016938917,1.9809792011113665,C2
-0.913722909098978,1.6286713615735389,C2
-1.1224083092386268,1.6914481240084425,C2
-0.8560818181359144,1.7703527920451114,C2
-1.1277866864549182,1.701489212085818,C2
-0.8558961659032247,1.91817442192421,C2
-0.9312040099162342,1.844681894507851,C2
-1.1575372957587768,1.9903659550859465,C2
-0.9391260867019993,1.9743241271100782,C2
-0.9468496320752737,1.8817152415305043,C2
-1.1844175416518585,1.630672395934546,C2
-1.0816466131518874,1.7669473781287577,C2
-1.1461182515535853,1.8117617602980458,C2
-1.18125774093868,1.9328364416493078,C2
-1.09662420325879,1.8114900585564104,C2
-0.8570481247659689,1.7185543288369023,C2
-1.1970612679471373,1.9234160633138715,C2
-0.8154413712191675,1.8347766650399029,C2
-1.0049999573352137,1.6559868093559007,C2
-0.8020858184911395,1.8355814883335835,C2
-1.1895184098598826,1.7646750456173383,C2
-1.0804137535228369,1.6331919076566137,C2
-1.0669803252508507,1.678773567458235,C2
-1.1499524005323198,1.874129677809611,C2
-0.876753919131688,1.7853583581124268,C2
-0.9093550480437,1.9363622021036797,C2
-0.9094573901270757,1.7301986415657118,C2
-1.0562297882309768,1.8605411093724225,C2
-1.0811756181461702,1.8051571265559523,C2
-1.1904531395777231,1.694446136763756,C2
-0.38478073266408863,1.8530115079078273,C3
-0.15698182787757908,1.631905213690557,C3
-0.3005647220949472,1.8284881521965493,C3
-0.29537043325643575,1.6893303975869554,C3
-0.3782010440888124,1.8865111570947863,C3
-0.32461447856609976,1.8243416922472895,C3
-0.09864168772592641,1.7704044125515845,C3
-0.16265484668586716,1.7216799676533239,C3
-0.2399065508304712,1.9398393673535166,C3
-0.21510535624150676,1.857442758236489,C3
-0.03090087798057556,1.7223280958219884,C3
-0.3711828335989511,1.6206550508097912,C3
-0.29026046621653373,1.7659100162221575,C3
-0.3186430160837908,1.8839402013077537,C3
-0.11339581531190451,1.741286616351005,C3
-0.07976108048892688,1.6904906403303963,C3
-0.020516240989103207,1.932674186452115,C3
-0.31375460124427845,1.771803770980589,C3
-0.31552395173982867,1.8601602484294153,C3
-0.061906392752593575,1.6704139193163672,C3
-0.13027751233245116,1.9923649423689813,C3
-0.030003788251275143,1.9141170474039058,C3
-0.24083384852309703,1.9367242117967596,C3
-0.20857055582763975,1.9729502933436072,C3
-0.041886730276604056,1.8357274205565135,C3
-0.024726849536142514,1.827454286951071,C3
-0.05272968647778248,1.8509574108376647,C3
-0.10037198963145244,1.886511650332252,C3
-0.002680061198349515,1.982796849905291,C3
-0.2597443415315644,1.9153207373652517,C3
-0.10601085195002224,1.8521802793471729,C3
-0.28527179043483564,1.7688293818411103,C3
-0.38604592823232986,1.8617868195345648,C3
-0.06398582993620433,1.8732189484622401,C3
-0.24518388300481317,1.7575842140314235,C3
-0.197631532276765,1.9577946061124978,C3
-0.3022248508984666,1.6276504841347235,C3
-0.06796518741959845,1.7119035284020179,C3
-0.030484470174599987,1.8037150814001461,C3
-0.15459050251987894,1.6262680883272695,C3
-0.3297878990549004,1.9718770699423787,C3
-0.29604406907658315,1.8753869281606534,C3
-0.25254684699341057,1.6524734093672941,C3
-0.36569966914702656,1.70742244442693,C3
-0.07873142050245552,1.6750862665873614,C3
-0.10242084162489512,1.8302586297079921,C3
-0.39665820207539887,1.7531935723825796,C3
-0.1917500633392707,1.717179061377752,C3
-0.3961254676184096,1.9539829544503662,C3
-0.336782723647089,1.8028803890680707,C3
-0.2175354628647108,1.7623646499555803,C3
-0.38873297328332923,1.600302204004731,C3
-0.3252534303537317,1.954234742501947,C3
-0.025558415850641336,1.6410199127479466,C3
-0.2855621632818039,1.6225554015056287,C3
-0.17286943903375734,1.826712869420285,C3
-0.029180381437838798,1.8408349659371575,C3
-0.15470888029972293,1.6764854905618916,C3
-0.26542264704547264,1.8021057483166278,C3
-0.04264665597434403,1.8645848919580854,C3
-0.3896876262238755,1.6375134248614425,C3
-0.23999368766342216,1.7653241391703391,C3
-0.3880713337968716,1.6971474648102078,C3
-0.3937986366331086,1.6567857314869423,C3
-0.2925109481174031,1.6667575103618464,C3
-0.07065041560020108,1.9821457465779817,C3
-0.27697438027105736,1.6975164192524206,C3
-0.2631687592569976,1.627224540402329,C3
-0.10982014036916826,1.7420062227365614,C3
-0.11242468123613936,1.745135625879027,C3
-0.38956134145282173,1.7181189021946128,C3
-0.037391651248331215,1.643669897466984,C3
-0.19087714530159935,1.9635794808576017,C3
-0.3558882580741921,1.8483180847230645,C3
-0.03482425038907033,1.897314600320629,C3
-0.2623318659958619,1.8635998246598038,C3
-0.27181046029504163,1.6699053257872953,C3
-0.09598272618156767,1.9776334932953659,C3
-0.22800171265382319,1.6638786198905329,C3
-0.18921693531294492,1.6896464781846943,C3
-0.0154432776347605,1.9956074504059305,C3
-0.22872627586568758,1.9873912516490344,C3
-0.3432854073160012,1.8741051800378759,C3
-0.3934022649563809,1.961198126818362,C3
-0.3921127642249825,1.9880155955863752,C3
-0.3510210570614236,1.7136613448188576,C3
-0.22548662318862933,1.6206153234862908,C3
-0.10170532132797871,1.6087207700056982,C3
-0.31241812410470493,1.9336612893764877,C3
-0.04949858437147975,1.8011667762856889,C3
-0.12160013578288636,1.8144313036854547,C3
-0.16424669902192024,1.6973620953084643,C3
-0.022834816988990814,1.6463214607844392,C3
-0.06434084330235551,1.7202395056363255,C3
-0.293203181895617,1.7418800167938275,C3
-0.10673549645835134,1.8864000709915267,C3
-0.2751325370274602,1.9681723480033564,C3
-0.1140143423970888,1.650402416426067,C3
-0.07062680447118286,1.697888092804728,C3
-0.3991365266814016,1.6310987928860747,C3
-1.690009045627534,1.1274559014452445,C4
-1.4070156991058658,0.9236729634153686,C4
-1.40926654071491,0.8309382525159194,C4
-1.4356758830718113,0.8647985819768671,C4
-1.682078386019983,1.0621590111451087,C4
-1.457674042629454,1.0454975334810608,C4
-1.419153357286318,1.1063376948854848,C4
-1.4453127792918017,0.8202401121823698,C4
-1.6758079476120629,0.8714574260086195,C4
-1.4598351856034417,1.1568897499930335,C4
-1.4310859525354016,1.0095974826099035,C4
-1.4251472456324392,1.1416386652806159,C4
-1.459229942450756,0.9204164890789929,C4
-1.7700577935856572,1.0843131424931092,C4
-1.416051067022217,1.0506657109734288,C4
-1.5504498890108078,0.8068732367646605,C4
-1.7123529160038415,0.8946273211241554,C4
-1.606156243411857,0.8451970373268064,C4
-1.483674529095265,1.103888510021098,C4
-1.5381713393723095,0.8540057256026314,C4
-1.7902271995229635,1.1308773982958382,C4
-1.6101916160583136,1.077050716313249,C4
-1.4930087962913567,0.8591029884016386,C4
-1.684335099378785,0.9294503006632662,C4
-1.651688999456489,0.9140564106772491,C4
-1.7942507052038077,1.1363285481085859,C4
-1.5769680165336595,1.0022467408465812,C4
-1.739687154522425,0.8816748879133455,C4
-1.4447207713172305,1.0918600823260511,C4
-1.7549506631916059,1.0436085631358059,C4
-1.4413480441914537,0.9270464367245947,C4
-1.6595399676012312,0.8269974973642408,C4
-1.75936521397585,0.8588541997955891,C4
-1.542606684064699,1.1516470815346351,C4
-1.7993688624564117,0.8793480741652853,C4
-1.7637482713853954,0.8140397228047241,C4
-1.4591305824489655,1.0614616042468978,C4
-1.4710003304737167,1.1128717428148804,C4
-1.60267707061635,0.9356512592391633,C4
-1.7427542744696596,0.9133999574635567,C4
-1.501824616409764,0.8754345103634931,C4
-1.4536858892296312,1.0228755317657425,C4
-1.4297457118475663,0.9174101572728991,C4
-1.4456395659910464,1.0591088642750273,C4
-1.4607547497075806,0.8073746061780182,C4
-1.5527723533599727,0.9164742953358449,C4
-1.692609174612513,1.0426634847272676,C4
-1.4861215160011811,0.8684295813060797,C4
-1.757231978590521,1.071863633788996,C4
-1.726118460144154,0.8928902586097687,C4
-1.4228704581850828,0.8165561499738829,C4
-1.6024313886272579,0.9665650907496102,C4
-1.7153159853722475,0.8957666934802682,C4
-1.4588783561645298,1.0466239302877052,C4
-1.69791846684492,0.9623149859039302,C4
-1.4070118485818108,1.0428354078762736,C4
-1.4497389220590902,0.8012709920829928,C4
-1.465335280105776,0.8805771054695809,C4
-1.6682927156502252,0.8942410247526855,C4
-1.6619712837913723,1.1648868961598566,C4
-1.4979454655797724,0.8192223764404529,C4
-1.5469609267264126,1.1779892339607452,C4
-1.4471330735874526,1.1342809994718452,C4
-1.7162325025146514,0.977496397751116,C4
-1.607186540193209,0.8843222565864862,C4
-1.7926378022687806,1.0097498350784835,C4
-1.6226518465410984,0.9737402925555703,C4
-1.4403132008982276,1.1125325659814045,C4
-1.5876042442108629,0.9637473995687037,C4
-1.40698221983014,1.0536493732078243,C4
-1.4545659659528904,0.9817001448022526,C4
-1.494675786162484,0.8366368297907827,C4
-1.4422455464823565,0.9707549988517473,C4
-1.7527053790716507,0.9021310813708128,C4
-1.7154264813054527,0.8617013061748955,C4
-1.6675841271994727,0.8631867790932893,C4
-1.4849421139471206,1.0148356820259232,C4
-1.6929499969937323,0.9351063228914169,C4
-1.63778318488463,0.8582569382618759,C4
-1.718404486969665,1.155104064207825,C4
-1.4569939102065852,1.0399768289739035,C4
-1.6195400682650172,1.0343958264283935,C4
-1.728121522252062,1.0147570130858612,C4
-1.4622883962339035,0.8450696788335942,C4
-1.5535939830441032,1.0025987171894533,C4
-1.6530812009717708,0.9163595483710585,C4
-1.708509613901965,1.0843268359684832,C4
-1.5321748392365695,1.099708907453189,C4
-1.7709319824994514,0.8407260660764388,C4
-1.4008489960063946,0.9592773399179764,C4
-1.5468926458418322,1.1952022203206005,C4
-1.7540492813983999,1.0543084579550897,C4
-1.4849138184844022,1.1859574283767298,C4
-1.758403067953736,0.9020432294579261,C4
-1.4369722429745226,1.0721837125878722,C4
-1.5713969841407724,1.0446284448086236,C4
-1.4724351455775897,1.0697948783657294,C4
-1.540864125029866,1.0907356316836094,C4
-1.688608330380734,0.9157324041621708,C4
-1.6547882471684887,1.062371430658772,C4
-0.5184789311663787,1.128381478134562,C5
-0.2987394354932273,1.040697071602836,C5
-0.36220377642418744,1.1858706793006781,C5
-0.3740068137104038,1.0382176859416266,C5
-0.5165633319431256,0.846239056401775,C5
-0.25226447832195475,1.0114243419849174,C5
-0.3049837106184033,0.9772282863145275,C5
-0.4912774780859235,0.9191109552520965,C5
-0.5798693936965381,1.0965644526257021,C5
-0.4193576757485562,0.827599169347634,C5
-0.4736935481102309,1.191244722722543,C5
-0.4612021562139006,0.8265004545097678,C5
-0.21786752608106347,0.9053639646273717,C5
-0.5051373987981415,0.9978386798915173,C5
-0.5562327723076964,0.8591885571795901,C5
-0.49622988835284265,1.0514357818737972,C5
-0.36712774941239246,0.9157007971839043,C5
-0.42058277268050137,0.849229187942877,C5
-0.48259203767504666,1.0768524761040368,C5
-0.5144979130166766,0.8634548757544805,C5
-0.5553787432648221,1.1702821093606601,C5
-0.48804180778533857,0.8483959473589229,C5
-0.37405628010339387,1.1782658446444045,C5
-0.39591342850836153,0.8526619665457523,C5
-0.46358939395860554,0.964187657191125,C5
-0.3193712158058594,1.1587300323195158,C5
-0.33339906549606,1.067830095449973,C5
-0.44133594486826333,0.8087441370010087,C5
-0.3470102551391957,1.1693025521237845,C5
-0.20264562135321662,0.8603350754234647,C5
-0.4870055512824541,0.9624394515084795,C5
-0.22079771233729895,0.8134887281769079,C5
-0.27611254873689556,1.1320166333034944,C5
-0.3333736633574492,1.1592561216207096,C5
-0.3898618155539224,1.095149556369285,C5
-0.2966998003517147,0.9233643658017239,C5
-0.4583620102402314,1.145752905561248,C5
-0.3261583181279142,0.8125532692738946,C5
-0.40434772885984205,0.8319563898651635,C5
-0.40792114925673406,0.9187278112103545,C5
-0.4017653158401526,1.199887603764728,C5
-0.5427391678467396,0.8957825207934433,C5
-0.3637711740213476,1.153248069473176,C5
-0.4007783326687101,0.896219384880467,C5
-0.5811263804772143,0.806624368186101,C5
-0.272353931467132,0.9394463442664047,C5
-0.33158092311141224,0.9514920078149842,C5
-0.4927732960486086,1.1809093663874446,C5
-0.5679501719616462,0.8073849812708436,C5
-0.500356859600546,0.9609764847522377,C5
-0.5671956759552154,0.8967199221289383,C5
-0.5550667527920422,0.9347578356905549,C5
-0.2849314523879861,0.9602792428512645,C5
-0.5010314802377867,0.8188115177251067,C5
-0.5093868941448342,1.121373163234061,C5
-0.3996146613509909,0.9379504877179868,C5
-0.5459659936665189,0.8102164490896675,C5
-0.5905351448962085,0.8151315611463336,C5
-0.4881528186931322,1.0760709343240693,C5
-0.5569052113726894,0.9196729656294494,C5
-0.5426217648199315,1.0432209300052981,C5
-0.4759129246229584,1.1738127965988876,C5
-0.5760211473685741,0.807863840289463,C5
-0.5302340433742727,1.1148861165739938,C5
-0.2380075454802275,1.026514256901403,C5
-0.5361183859126968,0.9201641593431475,C5
-0.4897180191160461,1.0125352932023404,C5
-0.21245486469798985,1.0236647779066272,C5
-0.3289765556215111,1.1359264821593409,C5
-0.4709786141755782,1.1890087732200092,C5
-0.3531405878903124,0.9125133010887078,C5
-0.4511433501783517,0.8496624947011475,C5
-0.3376024993392708,0.9721990137753793,C5
-0.45404115488484054,0.8876726362919527,C5
-0.4325709435757831,1.1119550136310912,C5
-0.2481114574834694,1.1942647675820723,C5
-0.49286557992921753,1.0677415973757087,C5
-0.22524023705955137,1.1404429692353706,C5
-0.25506864145759717,1.0805667456413193,C5
-0.3792099412538166,1.082993181049143,C5
-0.5634859705030445,0.9854059037771795,C5
-0.2593198747060558,1.0410588843666162,C5
-0.2209794518863153,1.0177217595590846,C5
-0.3203563897157723,0.9007231394672613,C5
-0.3028422944139292,0.8108381680072032,C5
-0.24595126749808527,0.9397966770464784,C5
-0.3214978985651481,1.1484384413894164,C5
-0.4657264099408666,0.9122774387058191,C5
-0.4669124894605522,1.1399735000398465,C5
-0.41748205161559016,1.1917124182071677,C5
-0.4722209199404154,0.8027812973660522,C5
-0.32404530628971095,0.9449584691456216,C5
-0.4661746846482613,1.163234256537145,C5
-0.36025490844898866,1.192604265975579,C5
-0.4736302727881111,0.9302473610503577,C5
-0.47891793483595035,0.9095812273734153,C5
-0.212405543942423,0.9479950074259313,C5
-0.24543296585983776,0.8292569396985688,C5
-0.30944117042957764,1.0007003696074421,C5
-0.3991341289731649,1.1365699591043086,C5
-1.8897467076720074,0.13342869059079834,C6
-1.9416494543053224,0.09056413912240857,C6
-1.6145907930168903,0.21808641362159342,C6
-1.86692678254219,0.2308777132180797,C6
-1.6954494929073285,0.3369452566536099,C6
-1.6034271235085495,0.07545579946833154,C6
-1.9299828323089079,0.12436764975227921,C6
-1.6646664431189497,0.10683127747786446,C6
-1.6062763392352317,0.2080628178001861,C6
-1.8738402489330404,0.12644474335510014,C6
-1.9647712346150288,0.24018994188956172,C6
-1.9989392759323488,0.1462855461132615,C6
-1.8998487349038542,0.050126097896637356,C6
-1.9511460777099976,0.33701824625507637,C6
-1.7279118402795555,0.3816065491962403,C6
-1.6309728804627932,0.14549719781703072,C6
-1.7359170864739966,0.13046052444420614,C6
-1.887460681228241,0.30433786125135326,C6
-1.7989184803452098,0.2651811915876701,C6
-1.7241185720622998,0.0784787938232518,C6
-1.617294775751824,0.29108432457301703,C6
-1.6411420430557686,0.12843412746233943,C6
-1.6739410580062124,0.009825583364096514,C6
-1.6468081644894337,0.017201795437764567,C6
-1.6488146530266752,0.22956214187776208,C6
-1.8018048886140916,0.24755851216110203,C6
-1.7528348712562927,0.197059839350425,C6
-1.978611333918309,0.1887380680224094,C6
-1.6552455715507537,0.051562831605251304,C6
-1.8239049431259764,0.1362551118515914,C6
-1.7781586587338254,0.34125820020192593,C6
-1.7053310862844526,0.045902346776303476,C6
-1.919106310407379,0.39668375940786427,C6
-1.9048299333183019,0.39271450196330615,C6
-1.6370388135133804,0.32144265019424395,C6
-1.6890747231704535,0.12795818883121904,C6
-1.9993144877243414,0.33910432375771005,C6
-1.7434350283413633,0.0419723945369741,C6
-1.9368373869167912,0.22618682349226368,C6
-1.999238021809297,0.18794988402406645,C6
-1.7916079574104218,0.16463096465065474,C6
-1.7149600085642438,0.18151549654303936,C6
-1.6655611989430446,0.1631928348010778,C6
-1.790339908179248,0.3632228876065679,C6
-1.6916760976565146,0.22569633995200442,C6
-1.8982658547273485,0.3958570344904353,C6
-1.7479497399749764,0.08510343933430638,C6
-1.9126452404205145,0.265695142946996,C6
-1.821938630410805,0.3758751138071693,C6
-1.8913281325384605,0.06664462108949656,C6
-1.6081792727492727,0.18311198216931202,C6
-1.9415131931440537,0.16844200947590765,C6
-1.7829093890101302,0.1854787672679634,C6
-1.8509247191620308,0.004862747832324033,C6
-1.7501205897698797,0.09993280120476289,C6
-1.611408713831364,0.16515701193890245,C6
-1.8900825033037378,0.23979211099621206,C6
-1.8924553688775865,0.33169255243236434,C6
-1.6660880527082742,0.11369440967963898,C6
-1.7405145627572502,0.07905121859553597,C6
-1.9572785952852776,0.12151384164998058,C6
-1.6858305958116258,0.23459128505743365,C6
-1.8850173004253574,0.34431805392379183,C6
-1.631881446377434,0.19775347336811416,C6
-1.9873883919843556,0.3789636877036452,C6
-1.9833674693665484,0.12515405971307159,C6
-1.6710091836130834,0.13394410640960275,C6
-1.8370537466722903,0.21077420315276357,C6
-1.8314513754555852,0.2816187038640729,C6
-1.7156296184568243,0.025320234244182373,C6
-1.7831773931568524,0.2529688629527613,C6
-1.8681083116851012,0.2260951057627746,C6
-1.9770067842292594,0.06454114360507486,C6
-1.791149162365468,0.10848712750137186,C6
-1.607737331276088,0.2832540938631148,C6
-1.9440438425286655,0.2424474009735934,C6
-1.9266546605673835,0.06326040043705765,C6
-1.8359679745996198,0.2220933605155259,C6
-1.8732736597614683,0.03007206392499109,C6
-1.7574583629602776,0.15384100080340724,C6
-1.7277643264345406,0.04067163518866823,C6
-1.6089357501990198,0.11823450936541136,C6
-1.660124077346467,0.31434832630446197,C6
-1.9474523157396106,0.06290718911149971,C6
-1.7142678424564068,0.1075133981231906,C6
-1.9287024229470935,0.2188734370481169,C6
-1.9148168111956203,0.19676484731063937,C6
-1.8646946616009292,0.37961723519366286,C6
-1.8214758715184123,0.33798694959322473,C6
-1.8483424059186693,0.042207846005734954,C6
-1.9804993060018357,0.18528608599332352,C6
-1.914589647243682,0.0819395761603249,C6
-1.7348535877040987,0.28207960295756723,C6
-1.9135481928733458,0.31675759445180307,C6
-1.954295622497246,0.2776703202634243,C6
-1.8644816032717417,0.01499782886390837,C6
-1.8336939538780028,0.07615475472080463,C6
-1.6403307909482991,0.10973420192185022,C6
-1.982530073573409,0.19052888822195843,C6
-1.6008353639795403,0.2052924479552437,C6
-1.195548286573204,0.13307805486703642,C7
-1.1191024053189949,0.22236687031927335,C7
-0.8461833777950771,0.019355464198808604,C7
-0.9967198600740664,0.3521429991945506,C7
-1.053418053094192,0.26396670541844874,C7
-1.0609122753260856,0.21684582313066048,C7
-1.1311683459100306,0.06886674365105519,C7
-0.8574331191926814,0.21346325471242122,C7
-1.0737876494480831,0.12272153276312117,C7
-1.1512415160258482,0.2457132580511448,C7
-1.0064120840269408,0.10564736032236142,C7
-0.9210231077788513,9.971933416256906E-4,C7
-1.0293422575632678,0.08672101572014067,C7
-0.9196162761385198,0.2895147821666778,C7
-0.8016641834425778,0.04923388472379667,C7
-1.1969135713580517,0.3869591525677153,C7
-1.1839213464952316,0.04467867482026527,C7
-1.0501675426658748,0.34447607512359735,C7
-0.9217592644674995,0.15497324016050787,C7
-0.8224895280363843,0.2643371052611684,C7
-0.9020733375235667,0.13344153912798126,C7
-1.0136894214349845,0.18704186699684355,C7
-0.950300115240745,0.09858726458492391,C7
-0.8984636536463377,0.09533059035358336,C7
-1.0621015001993668,0.3707115241277504,C7
-1.0652981051005495,0.012853348781530062,C7
-1.1748007304116423,0.06994141783300659,C7
-1.1953121117434953,0.06000827711473451,C7
-1.083538525582414,0.03525204216319242,C7
-1.19362884781281,0.026726586218538365,C7
-0.8942268173725973,0.3775800548250148,C7
-0.8667171320149728,0.33174780899202216,C7
-0.8799873465871949,0.14614258564057866,C7
-1.1075085801725415,0.36019441378748446,C7
-0.9698712527901124,0.1655908536953714,C7
-0.8059539729562695,0.10602038968956512,C7
-1.1482656486969227,0.09264358958421957,C7
-0.8460415462650137,0.39317428123006193,C7
-1.180502077979533,0.34436078665054554,C7
-1.1811596886063744,0.10908251604965456,C7
-0.904791614142515,0.3662341677237435,C7
-1.0980456291769825,0.2563246158638464,C7
-0.8427203102347398,0.33678621357884203,C7
-1.1854212666524677,0.21313756181262764,C7
-1.0801483159836085,0.24638521049501577,C7
-1.0167766305595287,0.1906521104646875,C7
-1.0574653523733835,0.34149960840053367,C7
-1.1376205845161482,0.2845294767469661,C7
-0.8827644214176231,0.19163030502424389,C7
-0.8158782809094085,0.3409325387207926,C7
-0.8436053044309701,0.11467534619038311,C7
-0.9699736762267249,0.09153124264080113,C7
-1.142648504524898,0.38749703998282525,C7
-1.132495201428247,0.059507499095932295,C7
-0.9195497362469751,0.1719770998040091,C7
-1.0382018788830223,0.19829060992683345,C7
-1.146114642677069,0.2028611345208562,C7
-1.0434865434682883,0.29701968612463925,C7
-1.1938224066704604,0.21220934854595033,C7
-1.0902723068057532,0.27149546734932334,C7
-0.9724367011248443,0.20628595118662751,C7
-0.9206776724554193,0.35664909295706226,C7
-1.1255314911086054,0.06423549098646873,C7
-1.129645123834247,0.12632154427886225,C7
-0.8433688041586427,0.09390981713886336,C7
-1.011087440504006,0.3884127054333288,C7
-0.8156747346002862,0.15872504956378447,C7
-1.008965195980038,0.13822474145916738,C7
-0.8964695672314883,0.38044371653926135,C7
-0.9280685606456465,0.30009020177367024,C7
-0.9902170653160196,0.2262924739799456,C7
-1.0901355621085447,0.1471407510485915,C7
-1.0931674781690357,0.20484188870068337,C7
-1.1392985762224281,0.26133808405371245,C7
-1.1358781720931463,0.22359006380957905,C7
-1.0067102243950754,0.08065436008825447,C7
-0.8725050584805295,0.10220765347974409,C7
-1.037558863860985,0.07755480025466932,C7
-0.9495675838877984,0.38891744878438467,C7
-1.0645438184159157,0.022701053556004158,C7
-0.8614991720339467,0.29349721008563495,C7
-0.8802392678860764,0.010059363524112764,C7
-0.9624046146816103,0.2289102514807474,C7
-1.1166355722335282,0.3543632425927718,C7
-0.8530550674056447,0.34458373377416257,C7
-1.1835058314120688,0.11914593504985689,C7
-0.8992608815979607,0.3378702844465944,C7
-0.8481051232773205,0.293323784724478,C7
-0.9623716791200715,0.14624431692328085,C7
-1.0570690461373418,0.10657685036054008,C7
-1.0347627091017495,0.25129982602860107,C7
-0.9072376768848187,0.058539231934647565,C7
-1.1727755505724378,0.26663227267419026,C7
-0.8654903095974167,0.1340767074472868,C7
-0.9066910108084442,0.035202616018401044,C7
-1.0185359829174996,0.38669529757718535,C7
-1.1819210319999012,0.22779732677265688,C7
-0.9019637883844125,0.39438980876540175,C7
-0.8477161495310317,0.21271379053358963,C7
-1.113716670940533,0.027006998846099608,C7
-0.12502335106019408,0.3488637769092168,C8
-0.23391404959591156,0.3838822834686171,C8
-0.32360313813319636,0.2769569819617625,C8
-0.3240023929146183,0.09314154902231118,C8
-0.22489915255700607,0.16833971658373315,C8
-0.30861140968310663,0.07330323824161544,C8
-0.16205975392271538,0.06924771976325053,C8
-0.3893177778817354,0.025892759863845385,C8
-0.02607209456084253,0.38783419716461087,C8
-0.011596460979688528,0.1033681284907591,C8
-0.3889308023841816,0.1247247682622569,C8
-0.16081478757485443,0.3598991127271793,C8
-0.1021663225511949,0.2699028070317066,C8
-0.1878770054210116,0.28357076028270195,C8
-0.09952941151086064,0.3235544485444405,C8
-0.08218296239021183,0.036585911929687055,C8
-0.1822375179900318,0.2895184213826895,C8
-0.25292373369198484,0.37730712377904996,C8
-0.3022981328415443,0.09350120145724322,C8
-0.31059668417264863,0.1977438905589014,C8
-0.28403367318785544,0.3942339169464665,C8
-0.058981482338417934,0.3823567796248543,C8
-0.03604181178952931,0.3842627030591943,C8
-0.3136783040291967,0.278815694627438,C8
-0.10543445944738394,0.21808026351140963,C8
-0.25666857903467033,0.06861511428127907,C8
-0.31330799360225936,0.15882154426421488,C8
-0.2172181089858193,0.335214640550453,C8
-0.1850069312573707,0.2007624761797888,C8
-0.037801814261678335,0.34963917359390956,C8
-0.15085218676633577,0.0033760576850482508,C8
-0.3395886083719087,0.22823816093916627,C8
-0.24261487270505136,0.2637158839476046,C8
-0.2453844271477073,0.364569433710878,C8
-0.04812566777082494,0.357412697356121,C8
-0.04879065508981678,0.39713852804756633,C8
-0.01101934708556307,0.3945852849479606,C8
-0.1366947241921731,0.24699002492717767,C8
-0.17472323547030474,0.3654825632806569,C8
-0.17806890947611298,0.2439132311228124,C8
-0.169408003236101,0.39168943501647313,C8
-0.3854127752492932,0.05728993148211501,C8
-0.027728351601299106,0.25224449138351107,C8
-0.33603414005021814,0.25737767746272,C8
-0.08979055950224274,0.12003339521337333,C8
-0.008722689262854688,0.2550877573920769,C8
-0.21989338861793015,0.22233727399245462,C8
-0.3472298658768767,0.10308252488550225,C8
-0.20719800396304477,0.13043121178289052,C8
-0.005327982674200149,0.3882823518676802,C8
-0.15959216212023183,0.18664344633053975,C8
-0.1590808258974199,0.2056383005139948,C8
-0.3246230122886106,0.19330150484851927,C8
-0.3903175340540221,0.3752919469823577,C8
-0.083482579309547,0.3165072428852942,C8
-0.051160765055120794,0.0500097059667334,C8
-0.26363906523232306,0.1986982992538444,C8
-0.012819617018441753,0.0570443365797948,C8
-0.20281665525025835,0.12746904886878127,C8
-0.08271710899632806,0.12834221319416525,C8
-0.3716358118349243,0.3741398556416928,C8
-0.04238151392065986,0.3952804302024209,C8
-0.02433550485485636,0.2940790668633333,C8
-0.014389930745945134,0.1588833063488802,C8
-0.09660806795543603,0.2717977010708346,C8
-0.3100122590030663,0.193733863020214,C8
-0.006686845493658333,0.2973525089658326,C8
-0.040062748356387456,0.3035609947897665,C8
-0.34043614223748353,0.07660864408509456,C8
-0.38982589131157563,0.3187490581269011,C8
-0.013302376747370004,0.30642890637536135,C8
-0.1647826969994983,0.2107820628775722,C8
-0.0015947152132419484,0.2868720122771137,C8
-0.0072228584442757815,0.29590022846771497,C8
-0.1226727122747186,0.19599805237311949,C8
-0.36468751615289324,0.010012499867609615,C8
-0.2182281156454141,0.3188948883209254,C8
-0.05954698421870874,0.25917391444135074,C8
-0.056957179649401335,0.30105499480572956,C8
-0.36487685064672964,0.28470272754892684,C8
-0.12252915126411618,0.28724754973303335,C8
-0.2351555191403507,0.12927746397401438,C8
-0.18986619592113257,0.21054666256616936,C8
-0.17116543437235732,0.15011997654848638,C8
-0.21735921580955775,0.3121918495931336,C8
-0.31683976722288176,0.3976359944837903,C8
-0.19475345428876334,0.0014726286101861775,C8
-0.3916555689921128,0.2626504438508352,C8
-0.18604713054085034,0.20584496104112304,C8
-0.15553384678582893,0.19264032995995836,C8
-0.09385573394838431,0.015002382405944382,C8
-0.08406645751101477,0.08713365099714698,C8
-0.24630412323698017,0.08864089793622335,C8
-2.4895063018864905E-4,0.004708425753396206,C8
-0.36961754168229666,0.17617177230706893,C8
-0.1647578855158959,0.048791543126922625,C8
-0.2591926204072331,0.18765244013088542,C8
-0.37017076752574063,0.14672275344107022,C8
-0.09903827506223944,0.35872104737124877,C8
-0.3153856877532049,0.09631479302971294,C8
-0.9142907316104927,1.058619420703386,C9
-0.4735433216564775,0.40904830729715647,C9
-0.9812027597217741,1.0333648370795223,C9
-0.590941872110585,0.6884008337627652,C9
-0.9079311542867976,1.280637552838249,C9
-1.753869589664085,0.13421768960144265,C9
-0.12226322173965753,0.43431256719984446,C9
-1.1245275216675117,1.3140569269603957,C9
-0.1403218784539182,0.8502081962216381,C9
-1.5306586498241395,0.45065000703945013,C9
-1.3978117110835702,0.7109236197399142,C9
-1.6986708858362478,1.5234598590148627,C9
-0.22350533956038765,1.0596790775582476,C9
-0.6944003417835283,1.0104533693239028,C9
-1.6399676759267967,1.2446651009528413,C9
-0.3570972356331652,0.6900719471649073,C9
-1.7370630180542308,0.89798566370566,C9
-1.0415155700604501,0.3472110608384804,C9
-1.8618357981974125,1.2783571272051064,C9
-0.9497837987713362,1.71334754118362,C9
-1.803903440915878,1.574304359985227,C9
-1.7390300787986488,1.5197824200802843,C9
-0.5285462227254158,0.5946723670131377,C9
-0.9325337408962708,1.1542942527743452,C9
-0.820225995458647,1.1658509364521135,C9
-0.941470329471606,1.0853271071315802,C9
-0.4473130175064315,1.5101868205832008,C9
-1.221115409022069,1.9541637734611415,C9
-1.1443460841361446,0.8976371045957046,C9
-0.23966825266037128,1.034365586637119,C9
-1.8311986997760326,1.9427950759754804,C9
-1.5296545731418407,0.6190850078672647,C9
-0.049070807331024424,1.0619976379503577,C9
-1.1211628296710083,1.820688392993014,C9
-1.591272327312607,1.810302453998789,C9
-0.12296715611709641,1.2534523461326785,C9
-0.7423116118352797,1.0857002587331261,C9
-0.1218857072490045,1.1189262154619308,C9
-0.41184888535468933,1.518006044160395,C9
-0.4125199046978967,1.324881131811804,C9
-0.760621795595485,0.7524514141453331,C9
-0.8488187266508227,1.4425939212635361,C9
-0.6634966787891381,1.7930778633412752,C9
-0.3257063278656913,0.5435430446943879,C9
-0.5403463346132895,0.08860967271630349,C9
-0.5533105256264557,0.25542056925612133,C9
-1.7085015179785257,0.6235621246201255,C9
-1.8781256384727016,0.7386940062336669,C9
-0.4710715202432201,1.9199199984365845,C9
-0.4347395432301986,0.7087780703223476,C9
-0.6534737373318666,1.5597991177595294,C9
-1.878552396898801,1.1152066266701264,C9
-0.23606191748158656,1.607080677762443,C9
-0.35421170360059007,1.638020919604062,C9
-0.10378682008588935,0.13608871695774716,C9
-0.19628359432195142,1.7729204720872846,C9
-1.744372117587379,0.967956023128522,C9
-0.13797943807448276,1.950549701402613,C9
-1.9745341005346548,1.6704051978156542,C9
-1.520551515073083,0.8716219171680697,C9
-0.45932066151850215,1.8942468515678643,C9
-1.1502700088518087,1.03841071738381,C9
-1.9126921234596284,0.1999767516513249,C9
-0.04168942859585467,1.3244664595568554,C9
-1.4280140396579148,1.6704317875703734,C9
-1.315210344918965,1.3482439769679564,C9
-0.38517690848059116,0.8105413642106298,C9
-1.9837378097322564,1.4026557831363726,C9
-1.816607741981659,0.5027912546684754,C9
-0.26753648755783654,1.741392749910289,C9
-1.9874816841783374,0.11709222338892045,C9
-0.418178122953329,0.13418272924662666,C9
-1.25599233864916,0.2663271303752426,C9
-0.8117740663868376,0.7769863090046487,C9
-0.027583129471085766,0.1539248147504919,C9
-0.288482688819824,0.8794552859632943,C9
-0.8025916098712633,1.9773904505043847,C9
-0.3695785440109187,1.5508093460377719,C9
-0.9398034204968513,1.4317980498970333,C9
-1.0751666997166072,0.9666137826428631,C9
-0.8189606603329036,1.9998294371427943,C9
-1.594921933348985,0.22276928659567674,C9
-0.5833161188615035,1.4200227040588422,C9
-0.031031394883944907,1.7693524445554645,C9
-1.5788713201479385,1.49247075784569,C9
-0.8368134293146501,0.8657754189832136,C9
-1.979983184603599,1.2112885393845367,C9
-0.4162846257022492,0.11005861564415276,C9
-1.9015723056870413,0.10574615621459782,C9
-0.6292422235406927,1.7688414651895992,C9
-1.546210032148622,1.6270433157972388,C9
-0.6632271805034904,0.37108168340009606,C9
-0.6199116657736072,1.4352771379107936,C9
-1.8880290944569555,0.827223884934436,C9
-0.3735071195977795,0.5212363920963023,C9
-1.9001918002204312,1.1969444327471406,C9
-1.18700918030366,0.24023010558418845,C9
-0.9942748178946359,0.1524094331745105,C9
-0.6124451237344355,1.540238792969219,C9
-0.7644228816178584,1.1703094142681796,C9
-1.2261657450463952,1.9342545224621501,C9
-0.4440928398928927,0.5347634127396799,C9
-0.51469071587837,1.0967523998892887,C9
-1.9335837845158055,0.34451250232382624,C9
-0.32869805043127664,1.3568167215956626,C9
-1.2443134075145346,0.8916517103444694,C9
-1.1878113171742974,0.815521229348456,C9
-0.30557996326636094,1.0154764817155588,C9
-0.9043850069330395,0.3327415679782846,C9
-0.7338471804919966,0.33384899641684407,C9
-1.6175358037413439,1.2086569348602574,C9
-0.256384704783605,1.6158169129496458,C9
-0.38921444837793095,0.027774575634149645,C9
-1.0103952959929567,0.9830455064385204,C9
-0.012158690903730562,0.8383907064207374,C9
-0.9055553804638843,0.11395289123660057,C9
-0.6151167892999607,0.6079772680357551,C9
-0.6421935964024119,0.17326485874409392,C9
-1.023775258667683,1.7250648512516904,C9
-1.819127724452864,1.8010353516138253,C9
-1.6463738249437863,1.2107677133955272,C9
-1.8444786927651406,1.1690057884093394,C9
-1.9010356692054524,0.2581760059966669,C9
-1.0795754346489619,0.8485050435878758,C9
-0.8873894245488083,1.735419425523263,C9
-0.8003631714540209,0.03291973063532039,C9
-0.12810459973831723,1.368282325420949,C9
-1.1525227728123717,1.5190929319921314,C9
-1.7665105002261998,0.46083066610156553,C9
-0.3058073335860665,0.7758371183575044,C9
-0.604514784306158,0.21758795379160012,C9
-1.4798975346750904,1.4140756093923041,C9
-1.800584778546025,1.9983764002982176,C9
-1.4183753558969396,1.4219548788294814,C9
-1.9206015689607567,0.1670162746226047,C9
-0.22921199191535102,1.6395979253926038,C9
-1.3449438614542986,0.5876563869802436,C9
-0.2894628602644469,0.12199756177681187,C9
-0.7832057562833286,0.2775851406530785,C9
-1.1286592812000005,1.2748757310993768,C9
-1.8334982675499167,0.24295065707080732,C9
-1.8596838848999082,0.9471644795624703,C9
-1.1463330507574903,0.10389633970278211,C9
-0.8177126186408077,0.025090631170653577,C9
-1.8136323293937013,1.7581960252264688,C9
-1.5971044381129995,1.4966756346861187,C9
-0.1014562931134102,0.0375518575229874,C9
-1.642915127792628,1.4417899546328075,C9
-0.5805864872456756,1.0782952013003324,C9
-1.9580102253376057,0.9517285915412577,C9
-0.08214955513356137,1.9583093571997074,C9
-0.32854731681270133,1.5936040008055299,C9
-0.7160143631644924,0.044571684832610536,C9
-1.7498961028533184,1.708679201862942,C9
-0.4377401489253716,1.4507893021168816,C9
-0.4518604250426832,0.5700932201733617,C9
-0.33540217076629775,1.0221824709701346,C9
-0.07636462537269217,0.22425841529591328,C9
-0.9306671304128771,1.3445464847632376,C9
-0.15256206368507663,0.7015375802600856,C9
-1.3490376806641757,1.4173014977365965,C9
-0.04362140484166965,1.20563738416126,C9
-1.2122329321979555,0.8353183436869416,C9
-0.0062430711902430325,1.8774810594662732,C9
-1.541216937635388,0.5918856991422794,C9
-0.9082546029198075,1.7781543008455132,C9
-1.8314366310374406,0.9452624285504003,C9
-1.4914315162873397,0.8468433252112044,C9
-1.7723752491829787,0.18383717520034537,C9
-0.8459858721563545,0.7635143871287491,C9
-1.8315751721623093,1.5799955595021005,C9
-1.979962724571876,1.8824114648336445,C9
-1.108831103474956,1.3403726727861882,C9
-0.021080947497332803,0.7012762205558623,C9
-1.4893009811794382,1.9402475623584958,C9
-1.68035190233317,0.6925240491101097,C9
-0.18482919360091343,0.8724141715289813,C9
-1.1361064431804486,0.7464365771268024,C9
-0.25082307554366357,0.5459412764466343,C9
-1.463857294761242,1.9627599945137613,C9
-0.601571399844393,0.837812081596311,C9
-0.14172119076343015,1.075926543276266,C9
-1.4199392569744502,1.6305123275481455,C9
-0.0029213909895806633,1.4104447573922956,C9
-1.6679221006259577,0.561214206811097,C9
-1.2861889862670126,1.9368312701337271,C9
-0.6525867501246483,1.1632803478941212,C9
-0.15167717434016303,1.7347868179262895,C9
-1.287476023065337,0.598392471700008,C9
-0.1843006202421651,0.9691455716913411,C9
-0.8125989135791261,0.2576844352969321,C9
-1.9982078690003218,0.3454559290639254,C9
-1.2966758829861247,0.6528404616044461,C9
-0.08539281870200077,0.9358786190391093,C9
-1.2433557312174637,0.22319547214166846,C9
-1.5182466897595197,1.2524167588458068,C9
-1.058667175945207,1.9524535509358927,C9
-0.02015079153623267,0.4933193511495533,C9
-1.0100150096639184,0.01871790260815276,C9
-1.260004554297303,1.9998295950308862,C9
